Opérateur;Année;Filière;Consommation Agriculture (MWh);Nombre de points Agriculture;Nombre de mailles secretisées (agriculture);Indique qualité Agriculture;Consommation Industrie (MWh);Nombre de points Industrie;Nombre de mailles secretisées (industrie);Indice qualité Industrie;Consommation Tertiaire  (MWh);Nombre de points Tertiaire;Nombre de mailles secretisées (tertiaire);Indice qualité Tertiaire;Consommation Résidentiel  (MWh);Nombre de points Résidentiel;Nombre de mailles secretisées (résidentiel);Indice qualité Résidentiel;Thermosensibilité (MWh/degré-jour);Part Thermosensible;Consommation Secteur Inconnu (MWh);Nombre de points Secteur Inconnu;Nombre de mailles secretisées (secteur inconnu);Indice qualité Non Affecté;Code Commune;Libellé Commune;Code EPCI;Libellé EPCI;Code Département;Libellé Département;Code Région;Libellé Région;id_filiere;Consommation totale (MWh);Code_postal
RTE;2019;Electricité;0.0;0;0;0.0;28025.068;1;0;1.0;0.0;0;0;0.0;0.0;0;0;0.0;0.0;0.0;0.0;0;0;0.0;53181;Pontmain;245300389;CC du Bocage Mayennais;53;Mayenne;52;Pays de la Loire;100;28025.068;53220
Enedis;2019;Electricité;428.551855566173;26;0;0.505;256.158735141863;9;0;0.63;527.664480416758;48;0;0.451;5127.76037217703;747;0;0.502;1.248099796;33.9;99.6389342744777;16;0;0.495;53001;Ahuillé;200083392;CA Laval Agglomération;53;Mayenne;52;Pays de la Loire;100;6439.774377576302;53940
Enedis;2019;Electricité;923.062537385457;24;0;0.75;0.0;0;1;0.0;440.853898784572;23;0;0.9;1508.78219944869;211;0;0.765;0.0;0.0;52.7176217432224;3;0;0.906;53002;Alexain;200055887;CC Mayenne Communauté;53;Mayenne;52;Pays de la Loire;100;2925.4162573619415;53240
Enedis;2019;Electricité;229.545410687929;11;0;0.484;0.0;0;1;0.0;75.4098476478275;11;0;0.37;1166.42954429334;171;0;0.393;0.0;0.0;0.0;0;1;0.0;53010;Assé-le-Bérenger;200033298;CC des Coëvrons;53;Mayenne;52;Pays de la Loire;100;1471.3848026290966;53600
Enedis;2019;Electricité;139.019731785043;6;0;0.567;0.0;0;0;0.0;215.50542221821;15;0;0.806;1688.2908650691;232;0;0.783;0.0;0.0;0.0;0;0;0.0;53028;Belgeard;200055887;CC Mayenne Communauté;53;Mayenne;52;Pays de la Loire;100;2042.816019072353;53440
Enedis;2019;Electricité;243.392761829315;12;0;0.768;1.45087618035734;1;1;0.369;91.1361317147511;24;0;0.737;1426.43537970377;214;0;0.613;0.0;0.0;228.376200591089;7;0;0.911;53067;Chémeré-le-Roi;245300223;CC du Pays de Meslay-Grez;53;Mayenne;52;Pays de la Loire;100;1990.7913500192824;53340
Enedis;2019;Electricité;844.909614426862;29;0;0.496;6480.51433152579;4;1;1.0;162.421875463135;24;0;0.416;2660.29430270898;413;0;0.416;0.0;0.0;27.5320160522842;11;0;0.443;53073;Congrier;200048551;CC du Pays de Craon;53;Mayenne;52;Pays de la Loire;100;10175.672140177052;53800
Enedis;2019;Electricité;143.303741382932;8;0;0.901;0.0;0;1;0.0;1409.49093622112;34;0;0.837;1629.29990508619;285;0;0.771;0.0;0.0;106.246178584916;7;0;0.568;53089;Daon;245300447;CC du Pays de Château-Gontier;53;Mayenne;52;Pays de la Loire;100;3288.3407612751575;53200
Enedis;2019;Electricité;393.594323394338;32;0;0.603;0.0;0;0;0.0;39.8282377240244;12;0;0.55;699.158799959356;164;0;0.574;0.0;0.0;57.6465432447514;5;0;0.705;53093;La Dorée;245300389;CC du Bocage Mayennais;53;Mayenne;52;Pays de la Loire;100;1190.2279043224698;53190
Enedis;2019;Electricité;1245.1307470299;66;0;0.725;2537.09107542954;10;0;0.788;1146.45783310882;57;0;0.753;3862.22740761142;687;0;0.643;0.566697046;24.1;325.975866709585;13;0;0.756;53100;Fougerolles-du-Plessis;245300389;CC du Bocage Mayennais;53;Mayenne;52;Pays de la Loire;100;9116.882929889263;53190
Enedis;2019;Electricité;239.748613839812;14;0;0.803;0.0;0;0;0.0;69.1481278750356;18;0;0.883;1751.27356610479;276;0;0.762;0.0;0.0;0.0;0;1;0.0;53109;Grazay;200055887;CC Mayenne Communauté;53;Mayenne;52;Pays de la Loire;100;2060.170307819638;53440
Enedis;2019;Electricité;1097.85224890603;67;0;0.683;2842.60789634774;11;0;0.672;1214.37641275955;69;0;0.529;3342.26612746896;576;0;0.549;0.424130929;20.9;213.099141447507;13;0;0.622;53125;Landivy;245300389;CC du Bocage Mayennais;53;Mayenne;52;Pays de la Loire;100;8710.201826929786;53190
Enedis;2019;Electricité;434.23260278951;20;0;0.859;78.445343826714;1;1;0.945;925.924931868992;46;0;0.866;3635.46240134991;535;0;0.834;0.649594124;24.9;143.700098870835;4;0;0.827;53168;Nuillé-sur-Vicoin;200083392;CA Laval Agglomération;53;Mayenne;52;Pays de la Loire;100;5217.765378705961;53970
Enedis;2019;Electricité;191.992955004892;14;0;0.876;0.0;0;0;0.0;85.7880640373228;13;0;0.847;1116.90451544092;151;0;0.81;0.0;0.0;0.0;0;1;0.0;53172;Origné;245300447;CC du Pays de Château-Gontier;53;Mayenne;52;Pays de la Loire;100;1394.6855344831347;53360
Enedis;2019;Electricité;59.7659157516462;2;0;0.437;2610.94025491365;7;1;0.931;1450.2414371951;81;0;0.446;4909.44321102458;880;0;0.366;1.383809757;39.2;104.926118908455;16;0;0.44;53182;Port-Brillet;200083392;CA Laval Agglomération;53;Mayenne;52;Pays de la Loire;100;9135.316937793432;53410
Enedis;2019;Electricité;420.744330594964;20;0;0.481;0.0;0;0;0.0;900.72808260732;16;0;0.482;1117.32061150063;212;0;0.348;0.0;0.0;0.0;0;1;0.0;53196;Saint-Aignan-de-Couptrain;200042182;CC du Mont des Avaloirs;53;Mayenne;52;Pays de la Loire;100;2438.793024702914;53250
Enedis;2019;Electricité;411.024580244321;19;0;0.504;0.0;0;0;0.0;55.2523404521476;7;0;0.574;1170.01472000433;218;0;0.522;0.0;0.0;0.0;0;1;0.0;53204;Saint-Calais-du-Désert;200042182;CC du Mont des Avaloirs;53;Mayenne;52;Pays de la Loire;100;1636.2916407007986;53140
Enedis;2019;Electricité;294.821452115572;6;0;0.544;0.0;0;0;0.0;52.6521148883663;8;0;0.41;454.895195622009;77;0;0.429;0.0;0.0;0.0;0;1;0.0;53214;Saint-Erblon;200048551;CC du Pays de Craon;53;Mayenne;52;Pays de la Loire;100;802.3687626259473;53390
Enedis;2019;Electricité;596.002065306559;29;0;0.856;399.379348151988;13;0;0.961;446.169544160677;55;0;0.837;4242.06104813218;670;0;0.786;0.724150044;28.1;0.0;0;1;0.0;53219;Saint-Georges-Buttavent;200055887;CC Mayenne Communauté;53;Mayenne;52;Pays de la Loire;100;5683.612005751404;53100/53100
Enedis;2019;Electricité;409.690504754831;17;0;0.725;0.0;0;1;0.0;99.0255275732662;18;0;0.874;1471.76087851175;214;0;0.703;0.0;0.0;66.2142660342869;4;0;0.599;53225;Saint-Germain-le-Guillaume;245300355;CC de l'Ernée;53;Mayenne;52;Pays de la Loire;100;2046.6911768741343;53240
Enedis;2019;Electricité;1958.22077371932;75;0;0.618;1402.8925;1;1;1.0;603.557841546215;43;0;0.545;2581.0121702448;424;0;0.543;0.0;0.0;127.63222510998;11;0;0.485;53245;Saint-Pierre-des-Landes;245300355;CC de l'Ernée;53;Mayenne;52;Pays de la Loire;100;6673.315510620315;53500
Enedis;2019;Electricité;454.132496035594;18;0;0.767;0.0;0;0;0.0;0.0;0;1;0.0;385.30281930799;80;0;0.686;0.0;0.0;0.0;0;0;0.0;53261;Soucé;245300389;CC du Bocage Mayennais;53;Mayenne;52;Pays de la Loire;100;839.435315343584;53300
Enedis;2019;Electricité;357.446754870091;21;0;0.46;5.097;1;1;1.0;47.7720204744911;13;0;0.197;585.120625522464;111;0;0.373;0.0;0.0;0.0;0;1;0.0;53266;Trans;200033298;CC des Coëvrons;53;Mayenne;52;Pays de la Loire;100;995.4364008670461;53160
Enedis;2019;Electricité;286.013124828707;14;0;0.794;0.0;0;0;0.0;0.0;0;1;0.0;323.67014574306;62;0;0.69;0.0;0.0;0.0;0;0;0.0;53270;Vieuvy;245300389;CC du Bocage Mayennais;53;Mayenne;52;Pays de la Loire;100;609.683270571767;53120
Enedis;2019;Electricité;865.308159347524;29;0;0.5;496.101772204413;11;0;0.613;1954.56493099673;75;0;0.495;8310.69660553238;1169;0;0.424;2.008506295;33.6;512.099910138645;31;0;0.512;53007;Argentré;200083392;CA Laval Agglomération;53;Mayenne;52;Pays de la Loire;100;12138.771378219692;53210
Enedis;2019;Electricité;478.184872310138;30;0;0.713;0.0;0;1;0.0;193.968864729618;17;0;0.872;1396.11156592788;185;0;0.708;0.0;0.0;72.1990309278438;5;0;0.689;53012;Athée;200048551;CC du Pays de Craon;53;Mayenne;52;Pays de la Loire;100;2140.46433389548;53400
Enedis;2019;Electricité;194.679801021244;8;0;0.871;0.0;0;0;0.0;84.6480991453103;14;0;0.639;674.827611648062;88;0;0.732;0.0;0.0;0.0;0;0;0.0;53027;Beaumont-Pied-de-Bœuf;245300223;CC du Pays de Meslay-Grez;53;Mayenne;52;Pays de la Loire;100;954.1555118146163;53290
Enedis;2019;Electricité;1443.30211586229;26;0;0.711;496.272;1;1;1.0;118.631834605252;22;0;0.789;1551.09819431328;218;0;0.68;0.0;0.0;0.0;0;1;0.0;53035;Bouchamps-lès-Craon;200048551;CC du Pays de Craon;53;Mayenne;52;Pays de la Loire;100;3609.304144780822;53800
Enedis;2019;Electricité;422.455312165235;18;0;0.615;820.940083333333;2;1;1.0;98.9608938841122;20;0;0.388;1511.86601860512;228;0;0.435;0.0;0.0;0.0;0;1;0.0;53043;Brée;200033298;CC des Coëvrons;53;Mayenne;52;Pays de la Loire;100;2854.2223079878004;53150
Enedis;2019;Electricité;1105.14561613435;40;0;0.867;166.766009926098;6;0;0.891;611.124308814417;44;0;0.823;3973.27861496686;546;0;0.772;0.826807155;28.3;178.001664567488;14;0;0.708;53066;Chemazé;245300447;CC du Pays de Château-Gontier;53;Mayenne;52;Pays de la Loire;100;6034.316214409213;53200
Enedis;2019;Electricité;864.548483319907;31;0;0.547;295.854583409079;2;1;0.957;261.337407256171;17;0;0.575;1701.59147916674;260;0;0.488;0.0;0.0;0.0;0;1;0.0;53086;La Croixille;245300355;CC de l'Ernée;53;Mayenne;52;Pays de la Loire;100;3123.3319531518973;53380
Enedis;2019;Electricité;1168.54426313914;37;0;0.653;130.284683804293;2;1;0.916;798.338197069784;51;0;0.593;2437.1376283526;413;0;0.651;0.0;0.0;0.0;0;1;0.0;53154;Montaudin;245300389;CC du Bocage Mayennais;53;Mayenne;52;Pays de la Loire;100;4534.3047723658165;53220
Enedis;2019;Electricité;1291.53445744848;57;0;0.739;218.223592471544;9;0;0.777;1457.41015795062;46;0;0.766;3699.47315999393;561;0;0.654;0.536110287;23.8;98.7059186917442;11;0;0.733;53155;Montenay;245300355;CC de l'Ernée;53;Mayenne;52;Pays de la Loire;100;6765.347286556318;53500
Enedis;2019;Electricité;119.569960252929;8;0;0.446;2055.5885;4;1;1.0;85.1076993561444;13;0;0.525;774.303193240955;99;0;0.398;0.0;0.0;0.0;0;1;0.0;53156;Montflours;200083392;CA Laval Agglomération;53;Mayenne;52;Pays de la Loire;100;3034.569352850028;53240
Enedis;2019;Electricité;950.899446379371;44;0;0.854;157.014;1;1;1.0;554.73963952658;45;0;0.876;3583.47666669485;548;0;0.79;0.57710638;26.5;0.0;0;1;0.0;53170;Oisseau;245300389;CC du Bocage Mayennais;53;Mayenne;52;Pays de la Loire;100;5246.129752600801;53300
Enedis;2019;Electricité;382.21765689692;14;0;0.824;1182.84900145849;2;1;0.946;405.590422853264;23;0;0.808;2283.88754148672;331;0;0.818;0.0;0.0;0.0;0;1;0.0;53174;Parigné-sur-Braye;200055887;CC Mayenne Communauté;53;Mayenne;52;Pays de la Loire;100;4254.544622695394;53100
Enedis;2019;Electricité;1497.83802194851;59;0;0.491;197.790683936785;13;0;0.44;1357.56487158607;89;0;0.365;6351.39078002036;878;0;0.323;1.799928701;39.5;556.99555143776;26;0;0.464;53186;Quelaines-Saint-Gault;200048551;CC du Pays de Craon;53;Mayenne;52;Pays de la Loire;100;9961.579908929483;53360/53360
Enedis;2019;Electricité;0.0;0;1;0.0;0.0;0;0;0.0;0.0;0;1;0.0;815.839713282525;131;0;0.51;0.0;0.0;0.0;0;1;0.0;53187;Ravigny;200042182;CC du Mont des Avaloirs;53;Mayenne;52;Pays de la Loire;100;815.839713282525;53370
Enedis;2019;Electricité;415.948790430202;10;0;0.747;0.0;0;0;0.0;0.0;0;1;0.0;329.652753931119;52;0;0.686;0.0;0.0;0.0;0;0;0.0;53189;Rennes-en-Grenouilles;200055887;CC Mayenne Communauté;53;Mayenne;52;Pays de la Loire;100;745.601544361321;53110
Enedis;2019;Electricité;157.265133820716;8;0;0.701;0.0;0;1;0.0;176.043925079887;27;0;0.718;2896.80636362915;477;0;0.809;0.0;0.0;0.0;0;1;0.0;53200;Saint-Baudelle;200055887;CC Mayenne Communauté;53;Mayenne;52;Pays de la Loire;100;3230.115422529753;53100
Enedis;2019;Electricité;862.057461968239;16;1;0.568;14345.9670266031;57;0;0.668;19737.3179806164;366;0;0.643;15444.6819731592;3473;1;0.496;3.109017198;28.0;1527.93413829397;128;1;0.613;53201;Saint-Berthevin;200083392;CA Laval Agglomération;53;Mayenne;52;Pays de la Loire;100;51917.95858064091;53940
Enedis;2019;Electricité;936.687227670984;20;0;0.815;0.0;0;1;0.0;104.702655363997;14;0;0.742;960.932194461919;153;0;0.763;0.0;0.0;0.0;0;1;0.0;53222;Saint-Germain-d'Anxure;200055887;CC Mayenne Communauté;53;Mayenne;52;Pays de la Loire;100;2002.3220774969;53240
Enedis;2019;Electricité;476.685632253057;14;0;0.543;164.563043819032;2;0;0.873;1121.89685560367;43;0;0.509;4727.04100058878;660;0;0.388;1.380635913;40.7;0.0;0;1;0.0;53229;Saint-Jean-sur-Mayenne;200083392;CA Laval Agglomération;53;Mayenne;52;Pays de la Loire;100;6490.186532264539;53240
Enedis;2019;Electricité;502.99706162236;30;0;0.814;0.0;0;1;0.0;216.612506057942;23;0;0.751;1489.8695219742;233;0;0.706;0.0;0.0;89.2278136531075;2;0;0.782;53237;Saint-Mars-sur-Colmont;245300389;CC du Bocage Mayennais;53;Mayenne;52;Pays de la Loire;100;2298.7069033076095;53300
Enedis;2019;Electricité;359.395305348826;28;0;0.504;278.362242827126;13;0;0.651;1218.83292648324;66;0;0.556;6580.94828634825;1016;0;0.544;1.431448346;35.8;247.967337111469;19;0;0.584;53246;Saint-Pierre-des-Nids;200042182;CC du Mont des Avaloirs;53;Mayenne;52;Pays de la Loire;100;8685.50609811891;53370
Enedis;2019;Electricité;160.421005496196;9;0;0.295;0.0;0;1;0.0;52.0885265834388;12;0;0.526;438.189592395603;83;0;0.471;0.0;0.0;0.0;0;1;0.0;53248;Saint-Pierre-sur-Erve;200033298;CC des Coëvrons;53;Mayenne;52;Pays de la Loire;100;650.6991244752378;53270
Enedis;2019;Electricité;1020.81454283694;40;0;0.529;1539.02812827635;17;0;0.667;1352.02409776691;92;0;0.546;6914.07687304809;1103;0;0.432;1.356148354;27.3;110.246013713573;9;0;0.433;53005;Andouillé;245300355;CC de l'Ernée;53;Mayenne;52;Pays de la Loire;100;10936.189655641863;53240
Enedis;2019;Electricité;510.392512865182;26;0;0.829;139.106;1;1;1.0;327.35319836769;28;0;0.793;1983.04829466213;266;0;0.8;0.0;0.0;0.0;0;1;0.0;53009;Arquenay;245300223;CC du Pays de Meslay-Grez;53;Mayenne;52;Pays de la Loire;100;2959.9000058950023;53170
Enedis;2019;Electricité;630.379718053319;23;0;0.53;0.0;0;1;0.0;239.507752038329;18;0;0.547;2319.04515401568;308;0;0.539;0.0;0.0;177.951519604971;11;0;0.44;53011;Astillé;200048551;CC du Pays de Craon;53;Mayenne;52;Pays de la Loire;100;3366.884143712299;53230
Enedis;2019;Electricité;862.945052213801;35;0;0.501;2977.30793989417;5;1;0.928;678.044096368978;39;0;0.425;3793.73114762504;538;0;0.384;1.019859016;37.4;524.166039105293;16;0;0.466;53018;Ballots;200048551;CC du Pays de Craon;53;Mayenne;52;Pays de la Loire;100;8836.194275207283;53350
Enedis;2019;Electricité;344.551621784204;19;0;0.769;0.0;0;0;0.0;32.9527376470405;2;1;0.935;906.990425111962;120;0;0.773;0.0;0.0;0.0;0;1;0.0;53030;Le Bignon-du-Maine;245300223;CC du Pays de Meslay-Grez;53;Mayenne;52;Pays de la Loire;100;1284.4947845432066;53170
Enedis;2019;Electricité;552.21797857108;32;0;0.722;47.2750245303565;1;0;0.933;103.656256409501;11;0;0.749;614.342420345432;130;0;0.733;0.0;0.0;83.3992646669248;3;0;0.877;53047;Carelles;245300389;CC du Bocage Mayennais;53;Mayenne;52;Pays de la Loire;100;1400.8909445232944;53120
Enedis;2019;Electricité;840.822457809916;38;0;0.618;7648.86576471651;8;0;0.652;724.618264913867;53;0;0.578;3423.10431729869;547;0;0.533;0.580121036;27.9;183.555438882493;9;0;0.552;53048;Chailland;245300355;CC de l'Ernée;53;Mayenne;52;Pays de la Loire;100;12820.966243621475;53420
Enedis;2019;Electricité;111.905160387595;12;0;0.63;0.0;0;0;0.0;55.9583323303491;9;0;0.565;484.209714865427;72;0;0.713;0.0;0.0;0.0;0;1;0.0;53068;Chérancé;200048551;CC du Pays de Craon;53;Mayenne;52;Pays de la Loire;100;652.0732075833711;53400
Enedis;2019;Electricité;332.067886817426;20;0;0.511;0.0;0;1;0.0;0.0;0;1;0.0;757.733461442135;110;0;0.515;0.0;0.0;0.0;0;1;0.0;53075;Cosmes;200048551;CC du Pays de Craon;53;Mayenne;52;Pays de la Loire;100;1089.8013482595609;53230
Enedis;2019;Electricité;0.0;0;0;0.0;0.0;0;0;0.0;42.5384778366676;14;0;0.541;412.529930090202;99;0;0.53;0.0;0.0;0.0;0;1;0.0;53080;Couptrain;200042182;CC du Mont des Avaloirs;53;Mayenne;52;Pays de la Loire;100;455.0684079268696;53250
Enedis;2019;Electricité;0.0;0;1;0.0;48.834;1;1;1.0;0.0;0;1;0.0;653.129078225984;100;0;0.345;0.0;0.0;0.0;0;0;0.0;53085;Crennes-sur-Fraubée;200042182;CC du Mont des Avaloirs;53;Mayenne;52;Pays de la Loire;100;701.963078225984;53700
Enedis;2019;Electricité;1015.20900196905;55;0;0.428;79021.8255190722;44;3;0.666;13663.3269473405;373;1;0.512;21333.2602074609;4302;0;0.376;5.319429733;34.7;1449.00305659174;131;0;0.52;53097;Évron;200033298;CC des Coëvrons;53;Mayenne;52;Pays de la Loire;100;116482.62473243439;53600/53600/53150
Enedis;2019;Electricité;296.053165529111;20;0;0.488;0.0;0;1;0.0;130.254295310933;12;0;0.516;1736.79807812978;303;0;0.511;0.0;0.0;106.0637732692;11;0;0.518;53106;Gesvres;200042182;CC du Mont des Avaloirs;53;Mayenne;52;Pays de la Loire;100;2269.169312239024;53370
Enedis;2019;Electricité;406.055385175396;24;0;0.458;97.9419890322905;1;1;0.926;131.309021557911;12;0;0.407;1043.10029199732;200;0;0.369;0.0;0.0;0.0;0;1;0.0;53112;Le Ham;200042182;CC du Mont des Avaloirs;53;Mayenne;52;Pays de la Loire;100;1678.4066877629175;53250
Enedis;2019;Electricité;1265.84906987063;45;0;0.659;65.531085048302;2;0;0.453;493.389820762431;32;0;0.806;1947.70803688124;287;0;0.698;0.0;0.0;0.0;0;1;0.0;53135;Livré-la-Touche;200048551;CC du Pays de Craon;53;Mayenne;52;Pays de la Loire;100;3772.478012562603;53400
Enedis;2019;Electricité;424.587152432959;17;0;0.649;1021.71885854015;4;0;0.64;247.057272221756;13;0;0.856;1463.99971359556;187;0;0.751;0.0;0.0;0.0;0;1;0.0;53143;Maisoncelles-du-Maine;245300223;CC du Pays de Meslay-Grez;53;Mayenne;52;Pays de la Loire;100;3157.3629967904253;53170
Enedis;2019;Electricité;429.955410457594;11;4;0.888;70281.1627058842;105;3;0.814;31437.2017853582;1009;0;0.847;30391.2349748388;7030;1;0.834;5.004911611;22.9;11685.8901097639;185;1;0.747;53147;Mayenne;200055887;CC Mayenne Communauté;53;Mayenne;52;Pays de la Loire;100;144225.44498630267;53100
Enedis;2019;Electricité;412.306547262957;18;0;0.864;597.217833333333;1;1;1.0;463.152982490234;16;0;0.662;1132.08130421074;199;0;0.776;0.0;0.0;0.0;0;1;0.0;53160;Montreuil-Poulay;200055887;CC Mayenne Communauté;53;Mayenne;52;Pays de la Loire;100;2604.758667297264;53640/53640
Enedis;2019;Electricité;167.945040294929;7;0;0.338;96.105;1;0;1.0;61.7631569214866;10;0;0.394;989.918753855317;146;0;0.407;0.0;0.0;0.0;0;0;0.0;53220;Saint-Georges-le-Fléchard;200033298;CC des Coëvrons;53;Mayenne;52;Pays de la Loire;100;1315.7319510717325;53480
Enedis;2019;Electricité;134.134266010463;9;0;0.65;744.977949614322;17;0;0.514;1573.87048206912;79;0;0.479;6436.15523835921;1016;0;0.428;1.516606022;32.8;226.387206900598;17;0;0.491;53247;Saint-Pierre-la-Cour;200083392;CA Laval Agglomération;53;Mayenne;52;Pays de la Loire;100;9115.525142953711;53410
Enedis;2019;Electricité;324.44802294309;17;0;0.525;484.193707333087;3;1;0.929;113.095932437752;17;0;0.609;1147.95142172203;149;0;0.507;0.0;0.0;0.0;0;1;0.0;53260;Simplé;200048551;CC du Pays de Craon;53;Mayenne;52;Pays de la Loire;100;2069.689084435959;53360
Enedis;2019;Electricité;299.776781272597;19;0;0.468;0.0;0;1;0.0;504.636267948729;20;0;0.687;583.291704761279;87;0;0.431;0.0;0.0;140.657730492791;4;0;0.6;53264;Thorigné-en-Charnie;200033298;CC des Coëvrons;53;Mayenne;52;Pays de la Loire;100;1528.3624844753958;53270
Enedis;2019;Electricité;715.099254076168;30;0;0.512;7931.61191746415;12;0;0.718;1516.44280302417;76;0;0.499;3105.86291732344;541;0;0.484;0.716681973;32.1;219.003827559764;20;0;0.501;53267;Vaiges;200033298;CC des Coëvrons;53;Mayenne;52;Pays de la Loire;100;13488.020719447692;53480
Enedis;2019;Electricité;154.281299604935;10;0;0.627;389.936;1;0;1.0;0.0;0;1;0.0;575.504835099776;126;0;0.375;0.0;0.0;83.1023661748189;2;0;0.466;53272;Villepail;200042182;CC du Mont des Avaloirs;53;Mayenne;52;Pays de la Loire;100;1202.8245008795298;53250
RTE;2019;Electricité;0.0;0;0;0.0;0.0;0;0;0.0;2462.458;1;0;1.0;0.0;0;0;0.0;0.0;0.0;0.0;0;0;0.0;53097;Évron;200033298;CC des Coëvrons;53;Mayenne;52;Pays de la Loire;100;2462.458;53600/53600/53150
RTE;2019;Electricité;0.0;0;0;0.0;176401.213;1;0;1.0;6951.332;1;0;1.0;0.0;0;0;0.0;0.0;0.0;0.0;0;0;0.0;53247;Saint-Pierre-la-Cour;200083392;CA Laval Agglomération;53;Mayenne;52;Pays de la Loire;100;183352.54499999998;53410
Enedis;2019;Electricité;1088.87431730401;44;0;0.869;6615.00901792546;24;0;0.917;6857.54002444379;156;0;0.835;8385.15501620988;1342;0;0.759;1.316199955;25.8;495.791958127833;20;0;0.622;53003;Ambrières-les-Vallées;245300389;CC du Bocage Mayennais;53;Mayenne;52;Pays de la Loire;100;23442.37033401097;53300/53300
Enedis;2019;Electricité;619.996923300092;36;0;0.555;0.0;0;1;0.0;790.571195925047;57;0;0.523;5368.4682119064;713;0;0.5;0.837846367;25.7;0.0;0;1;0.0;53015;La Baconnière;245300355;CC de l'Ernée;53;Mayenne;52;Pays de la Loire;100;6779.03633113154;53240
Enedis;2019;Electricité;431.202229109997;29;0;0.479;459.38585555475;7;1;0.936;2346.40184582463;70;0;0.477;3293.72356706359;594;0;0.379;0.740460536;37.0;170.517584210598;15;0;0.344;53016;Bais;200033298;CC des Coëvrons;53;Mayenne;52;Pays de la Loire;100;6701.231081763565;53160
Enedis;2019;Electricité;537.605083664794;34;0;0.723;6144.69506743336;3;1;0.999;1516.37806298138;54;0;0.82;2756.06955776936;410;0;0.784;0.0;0.0;83.1904205180242;8;0;0.86;53017;Val-du-Maine;245300223;CC du Pays de Meslay-Grez;53;Mayenne;52;Pays de la Loire;100;11037.938192366917;53340/53340
Enedis;2019;Electricité;264.632730269763;13;0;0.684;0.0;0;0;0.0;0.0;0;1;0.0;361.585935946445;53;0;0.733;0.0;0.0;0.0;0;0;0.0;53019;Bannes;245300223;CC du Pays de Meslay-Grez;53;Mayenne;52;Pays de la Loire;100;626.218666216208;53340
Enedis;2019;Electricité;469.336823358071;15;0;0.527;0.0;0;0;0.0;0.0;0;1;0.0;1583.41154909019;199;0;0.362;0.0;0.0;0.0;0;1;0.0;53023;La Bazouge-des-Alleux;200033298;CC des Coëvrons;53;Mayenne;52;Pays de la Loire;100;2052.748372448261;53470
Enedis;2019;Electricité;798.420320448339;23;0;0.511;349.295478233491;2;1;0.971;190.551145173948;17;0;0.431;1191.9306481357;163;0;0.448;0.0;0.0;248.685383805754;14;0;0.478;53026;Beaulieu-sur-Oudon;200083392;CA Laval Agglomération;53;Mayenne;52;Pays de la Loire;100;2778.882975797232;53320
Enedis;2019;Electricité;1447.45830963196;52;0;0.868;0.0;0;1;0.0;428.939887944666;59;0;0.803;3921.38926732975;545;0;0.748;0.755551149;26.8;74.3909815594293;8;0;0.782;53029;Bierné-les-Villages;245300447;CC du Pays de Château-Gontier;53;Mayenne;52;Pays de la Loire;100;5872.178446465806;53290/53290/53290/53290
Enedis;2019;Electricité;0.0;0;1;0.0;0.0;0;0;0.0;71.8794726125055;10;0;0.645;423.126871454227;50;0;0.652;0.0;0.0;0.0;0;0;0.0;53033;La Boissière;200048551;CC du Pays de Craon;53;Mayenne;52;Pays de la Loire;100;495.0063440667325;53800
Enedis;2019;Electricité;570.091125172449;26;0;0.838;8215.9564433011;41;0;0.855;6760.63753253845;215;0;0.82;13003.6491599323;2552;0;0.854;1.816642824;19.4;502.693321358077;38;0;0.793;53034;Bonchamp-lès-Laval;200083392;CA Laval Agglomération;53;Mayenne;52;Pays de la Loire;100;29053.027582302377;53960
Enedis;2019;Electricité;763.087930837317;36;0;0.831;241.80699593588;7;0;0.9;689.066112431834;35;0;0.835;3242.98634121805;471;0;0.758;0.0;0.0;0.0;0;1;0.0;53036;Bouère;245300223;CC du Pays de Meslay-Grez;53;Mayenne;52;Pays de la Loire;100;4936.94738042308;53290
Enedis;2019;Electricité;156.471510847333;9;0;0.793;0.0;0;1;0.0;141.651457805281;19;0;0.828;2393.64871970683;307;0;0.811;0.0;0.0;0.0;0;1;0.0;53037;Bouessay;247200090;CC de Sablé-sur-Sarthe;53;Mayenne;52;Pays de la Loire;100;2691.771688359444;53290
Enedis;2019;Electricité;931.696955387536;37;0;0.606;1567.4846581511;13;0;0.795;2600.96766625393;76;0;0.774;4922.76849458622;792;0;0.758;0.92563368;26.2;231.988891990766;15;0;0.64;53039;Le Bourgneuf-la-Forêt;200083392;CA Laval Agglomération;53;Mayenne;52;Pays de la Loire;100;10254.906666369552;53410
Enedis;2019;Electricité;482.295912434443;25;0;0.748;0.0;0;1;0.0;108.128238320971;17;0;0.632;1871.83643160804;274;0;0.594;0.0;0.0;0.0;0;1;0.0;53040;Bourgon;200083392;CA Laval Agglomération;53;Mayenne;52;Pays de la Loire;100;2462.260582363454;53410
Enedis;2019;Electricité;248.702790062757;14;0;0.416;1104.33074210379;3;1;0.947;550.076512299289;28;0;0.527;1880.471429419;278;0;0.429;0.0;0.0;71.3777285466243;8;0;0.459;53045;La Brûlatte;200083392;CA Laval Agglomération;53;Mayenne;52;Pays de la Loire;100;3854.95920243146;53410
Enedis;2019;Electricité;503.282219777589;33;0;0.458;0.0;0;1;0.0;103.885975400553;19;0;0.432;1343.49287978181;280;0;0.364;0.0;0.0;203.188626683131;12;0;0.434;53053;Champgenéteux;200033298;CC des Coëvrons;53;Mayenne;52;Pays de la Loire;100;2153.849701643083;53160
Enedis;2019;Electricité;665.941150251092;28;0;0.518;51021.4945834058;63;1;0.587;28656.6252870384;413;1;0.598;14924.6515550909;2720;1;0.406;3.637667777;33.9;908.638958946047;82;1;0.496;53054;Changé;200083392;CA Laval Agglomération;53;Mayenne;52;Pays de la Loire;100;96177.35153473224;53810
Enedis;2019;Electricité;226.955025663342;15;0;0.867;492.4796768004;4;0;0.923;238.218589819947;23;0;0.846;1537.74624842304;241;0;0.787;0.0;0.0;0.0;0;1;0.0;53057;La Chapelle-au-Riboul;200055887;CC Mayenne Communauté;53;Mayenne;52;Pays de la Loire;100;2495.399540706729;53440
Enedis;2019;Electricité;217.380783061675;14;0;0.544;0.0;0;0;0.0;45.0455356739325;12;0;0.456;1096.24247526632;150;0;0.553;0.0;0.0;126.894132263205;7;0;0.461;53059;La Chapelle-Rainsouin;200033298;CC des Coëvrons;53;Mayenne;52;Pays de la Loire;100;1485.5629262651325;53150
Enedis;2019;Electricité;489.847771546302;13;0;0.772;28977.633315086;6;1;1.0;234.672663242441;23;0;0.724;1361.28368211219;230;0;0.753;0.0;0.0;76.2223660580317;3;0;0.827;53061;Charchigné;200055887;CC Mayenne Communauté;53;Mayenne;52;Pays de la Loire;100;31139.659798044962;53250
Enedis;2019;Electricité;271.335789778613;15;0;0.876;193.898417502363;1;1;0.923;127.890820696961;18;0;0.877;1521.20939791941;196;0;0.773;0.0;0.0;0.0;0;1;0.0;53063;Châtelain;245300447;CC du Pays de Château-Gontier;53;Mayenne;52;Pays de la Loire;100;2114.334425897347;53200
Enedis;2019;Electricité;1119.75295322895;44;0;0.848;181.407829300066;4;0;0.916;443.319233449914;39;0;0.82;2814.21716646523;516;0;0.788;0.411871357;24.1;0.0;0;1;0.0;53064;Châtillon-sur-Colmont;245300389;CC du Bocage Mayennais;53;Mayenne;52;Pays de la Loire;100;4558.69718244416;53100
Enedis;2019;Electricité;231.775645328324;16;0;0.475;0.0;0;0;0.0;0.0;0;1;0.0;491.293368088054;136;0;0.38;0.0;0.0;0.0;0;0;0.0;53069;Chevaigné-du-Maine;200042182;CC du Mont des Avaloirs;53;Mayenne;52;Pays de la Loire;100;723.0690134163781;53250
Enedis;2019;Electricité;475.77118063798;38;0;0.876;0.0;0;1;0.0;194.017042844813;19;0;0.862;1430.332221262;240;0;0.759;0.0;0.0;0.0;0;1;0.0;53071;Colombiers-du-Plessis;245300389;CC du Bocage Mayennais;53;Mayenne;52;Pays de la Loire;100;2100.120444744793;53120
Enedis;2019;Electricité;867.994918586226;31;0;0.805;77.5946666666667;2;1;1.0;306.361020371425;29;0;0.744;3682.38638291867;498;0;0.787;0.0;0.0;89.3456880481903;7;0;0.958;53072;Commer;200055887;CC Mayenne Communauté;53;Mayenne;52;Pays de la Loire;100;5023.682676591177;53470
Enedis;2019;Electricité;1041.77003336451;36;0;0.871;0.0;0;1;0.0;167.37268072598;24;0;0.837;2434.22436880657;333;0;0.78;0.0;0.0;0.0;0;0;0.0;53074;Contest;200055887;CC Mayenne Communauté;53;Mayenne;52;Pays de la Loire;100;3643.36708289706;53100
Enedis;2019;Electricité;523.862684010257;18;0;0.771;0.0;0;1;0.0;213.696897114765;27;0;0.844;2449.60875438737;322;0;0.789;0.0;0.0;59.3819811219864;7;0;0.498;53078;Coudray;245300447;CC du Pays de Château-Gontier;53;Mayenne;52;Pays de la Loire;100;3246.5503166343783;53200
Enedis;2019;Electricité;273.269167758785;11;0;0.9;0.0;0;1;0.0;105.81362765924;12;0;0.656;731.346325438239;101;0;0.778;0.0;0.0;154.263436727248;3;0;0.848;53087;La Cropte;245300223;CC du Pays de Meslay-Grez;53;Mayenne;52;Pays de la Loire;100;1264.692557583512;53170
Enedis;2019;Electricité;885.130003045542;42;0;0.495;108.5855;1;1;1.0;453.760594939294;38;0;0.441;2645.51580545075;405;0;0.407;0.0;0.0;174.403171758181;10;0;0.38;53088;Cuillé;200048551;CC du Pays de Craon;53;Mayenne;52;Pays de la Loire;100;4267.395075193767;53540
Enedis;2019;Electricité;2235.64534723309;52;0;0.739;1.33803452258589;1;1;0.924;454.933154334143;25;0;0.718;1291.32602824787;238;0;0.632;0.0;0.0;201.545881098647;7;0;0.645;53091;Désertines;245300389;CC du Bocage Mayennais;53;Mayenne;52;Pays de la Loire;100;4184.788445436336;53190
Enedis;2019;Electricité;521.657170607849;23;0;0.721;1625.8613418786;14;0;0.926;1345.76162166148;87;0;0.823;5584.12938741305;930;0;0.828;0.98797427;24.6;372.084500501025;17;0;0.886;53094;Entrammes;200083392;CA Laval Agglomération;53;Mayenne;52;Pays de la Loire;100;9449.494022062003;53260
Enedis;2019;Electricité;1642.89553919862;56;0;0.779;14042.3985722436;58;0;0.807;10739.4047374104;321;0;0.716;17045.5822439572;2829;1;0.685;3.443478593;33.2;539.346210147352;54;1;0.662;53096;Ernée;245300355;CC de l'Ernée;53;Mayenne;52;Pays de la Loire;100;44009.62730295717;53500
Enedis;2019;Electricité;20.062;1;1;1.0;71.7451001002345;6;0;0.593;344.964565010214;35;0;0.792;3249.36170570539;457;0;0.819;0.0;0.0;0.0;0;1;0.0;53099;Forcé;200083392;CA Laval Agglomération;53;Mayenne;52;Pays de la Loire;100;3686.133370815838;53260
Enedis;2019;Electricité;299.982789841546;13;0;0.462;0.0;0;1;0.0;0.0;0;1;0.0;516.742541533925;71;0;0.373;0.0;0.0;0.0;0;1;0.0;53102;Gastines;200048551;CC du Pays de Craon;53;Mayenne;52;Pays de la Loire;100;816.7253313754709;53540
Enedis;2019;Electricité;922.507635660178;31;0;0.825;55.5756855312987;1;1;0.912;808.063225814683;60;0;0.776;4135.00341506401;539;0;0.807;0.728956939;24.5;53.1876263952765;6;0;0.847;53104;Gennes-Longuefuye;245300447;CC du Pays de Château-Gontier;53;Mayenne;52;Pays de la Loire;100;5974.337588465447;53200/53200
Enedis;2019;Electricité;0.0;0;1;0.0;275.969335409828;2;0;0.969;1524.24558307127;30;0;0.511;1728.96756765817;246;0;0.436;0.0;0.0;0.0;0;1;0.0;53108;La Gravelle;200083392;CA Laval Agglomération;53;Mayenne;52;Pays de la Loire;100;3529.182486139268;53410
Enedis;2019;Electricité;512.478184566843;26;0;0.703;168.424215993778;2;1;0.904;3714.09106017209;68;0;0.864;3163.52817251906;450;0;0.79;0.0;0.0;106.485890025801;16;0;0.828;53110;Grez-en-Bouère;245300223;CC du Pays de Meslay-Grez;53;Mayenne;52;Pays de la Loire;100;7665.007523277572;53290
Enedis;2019;Electricité;71.7091004156219;8;0;0.734;9.577;1;0;1.0;0.0;0;1;0.0;658.138701636576;121;0;0.77;0.0;0.0;0.0;0;1;0.0;53114;Hardanges;200055887;CC Mayenne Communauté;53;Mayenne;52;Pays de la Loire;100;739.424802052198;53640
Enedis;2019;Electricité;529.40773673341;21;0;0.816;0.0;0;0;0.0;0.0;0;1;0.0;1034.98617534366;154;0;0.708;0.0;0.0;0.0;0;0;0.0;53115;Hercé;245300389;CC du Bocage Mayennais;53;Mayenne;52;Pays de la Loire;100;1564.3939120770701;53120
Enedis;2019;Electricité;229.007907671754;17;0;0.855;0.0;0;0;0.0;105.073715176333;13;0;0.847;1349.07028964374;195;0;0.802;0.0;0.0;71.3349006971297;3;0;0.557;53117;Houssay;245300447;CC du Pays de Château-Gontier;53;Mayenne;52;Pays de la Loire;100;1754.4868131889566;53360
Enedis;2019;Electricité;606.244312212727;33;0;0.504;13141.8211268501;13;0;0.774;1538.11529893905;80;0;0.416;4186.41082022574;773;0;0.413;0.976174496;38.4;208.563915389997;17;0;0.48;53121;Javron-les-Chapelles;200042182;CC du Mont des Avaloirs;53;Mayenne;52;Pays de la Loire;100;19681.155473617615;53250/53250
Enedis;2019;Electricité;2342.03986016477;88;0;0.604;2045.70907572594;13;0;0.655;797.939931379448;54;0;0.566;3770.5126205564;580;0;0.505;0.676153978;29.5;165.187212594939;5;0;0.535;53123;Juvigné;245300355;CC de l'Ernée;53;Mayenne;52;Pays de la Loire;100;9121.388700421498;53380
Enedis;2019;Electricité;2167.09890262306;87;0;0.75;593.484;2;1;1.0;290.744359830297;36;0;0.674;2738.44175605975;468;0;0.61;0.0;0.0;0.0;0;1;0.0;53126;Larchamp;245300355;CC de l'Ernée;53;Mayenne;52;Pays de la Loire;100;5789.769018513107;53220
Enedis;2019;Electricité;480.798657902033;22;0;0.812;0.0;0;1;0.0;63.7242493379909;15;0;0.832;740.086794411874;141;0;0.749;0.0;0.0;0.0;0;1;0.0;53132;Levaré;245300389;CC du Bocage Mayennais;53;Mayenne;52;Pays de la Loire;100;1284.609701651898;53120
Enedis;2019;Electricité;1061.89864160513;36;0;0.851;0.0;0;1;0.0;1960.8273879041;38;0;0.802;3638.61202553176;484;0;0.805;0.0;0.0;0.0;0;1;0.0;53136;La Roche-Neuville;245300447;CC du Pays de Château-Gontier;53;Mayenne;52;Pays de la Loire;100;6661.33805504099;53200/53360
Enedis;2019;Electricité;1358.85559060396;45;0;0.526;813.764295883846;11;0;0.778;2357.09471169558;91;0;0.516;7380.55944527393;1069;0;0.443;1.781110329;33.6;626.971359783947;33;0;0.475;53137;Loiron-Ruillé;200083392;CA Laval Agglomération;53;Mayenne;52;Pays de la Loire;100;12537.245403241262;53320/53320
Enedis;2019;Electricité;80.6403185863412;6;0;0.9;0.0;0;1;0.0;369.068535763486;30;0;0.86;3121.41892794822;426;0;0.796;0.0;0.0;0.0;0;1;0.0;53141;Louvigné;200083392;CA Laval Agglomération;53;Mayenne;52;Pays de la Loire;100;3571.127782298047;53210
Enedis;2019;Electricité;339.350104979612;11;0;0.829;18.1340508312989;1;1;0.904;163.223;1;1;1.0;679.756837875441;93;0;0.73;0.0;0.0;0.0;0;1;0.0;53148;Mée;200048551;CC du Pays de Craon;53;Mayenne;52;Pays de la Loire;100;1200.4639936863518;53400
Enedis;2019;Electricité;514.394403218618;31;0;0.801;0.0;0;1;0.0;289.067115510293;38;0;0.881;2947.77749877726;407;0;0.79;0.0;0.0;0.0;0;1;0.0;53150;Ménil;245300447;CC du Pays de Château-Gontier;53;Mayenne;52;Pays de la Loire;100;3751.239017506171;53200
Enedis;2019;Electricité;877.642701086361;29;0;0.591;167.861163176616;6;0;0.655;694.997623512309;41;0;0.625;2850.0886893936;404;0;0.543;0.0;0.0;419.106665893289;20;0;0.583;53151;Méral;200048551;CC du Pays de Craon;53;Mayenne;52;Pays de la Loire;100;5009.696843062175;53230
Enedis;2019;Electricité;273.285313133082;13;0;0.519;0.0;0;1;0.0;417.612702123111;24;0;0.436;1846.27564317314;288;0;0.382;0.0;0.0;158.619453593972;7;0;0.508;53153;Mézangers;200033298;CC des Coëvrons;53;Mayenne;52;Pays de la Loire;100;2695.793112023305;53600
Enedis;2019;Electricité;320.037308519351;16;0;0.85;89.5170559407514;2;0;0.888;399.774933623105;41;0;0.787;3740.91562088991;534;0;0.769;0.717226196;26.7;0.0;0;1;0.0;53157;Montigné-le-Brillant;200083392;CA Laval Agglomération;53;Mayenne;52;Pays de la Loire;100;4550.244918973117;53970
Enedis;2019;Electricité;1732.39936935719;66;0;0.478;7936.09199523824;21;0;0.804;2483.31574169442;162;0;0.507;9091.55806983659;1544;0;0.427;2.316436989;35.5;544.374938742787;32;0;0.501;53161;Montsûrs;200033298;CC des Coëvrons;53;Mayenne;52;Pays de la Loire;100;21787.74011486923;53150/53150/53150/53150/53150
Enedis;2019;Electricité;159.028171633767;8;0;0.716;76.7643842238103;6;0;0.676;973.07796887321;45;0;0.851;3033.29990601336;485;0;0.791;0.0;0.0;0.0;0;1;0.0;53162;Moulay;200055887;CC Mayenne Communauté;53;Mayenne;52;Pays de la Loire;100;4242.170430744148;53100
Enedis;2019;Electricité;485.326030609381;17;0;0.496;1808.12766666667;1;1;1.0;234.474198910874;20;0;0.557;1321.66577452257;244;0;0.522;0.0;0.0;119.590805531776;4;0;0.635;53164;Neuilly-le-Vendin;200042182;CC du Mont des Avaloirs;53;Mayenne;52;Pays de la Loire;100;3969.184476241271;53250
Enedis;2019;Electricité;160.82664433204;8;0;0.384;0.0;0;1;0.0;57.4438286136351;17;0;0.774;1009.44757815182;142;0;0.725;0.0;0.0;0.0;0;0;0.0;53165;Niafles;200048551;CC du Pays de Craon;53;Mayenne;52;Pays de la Loire;100;1227.7180510974952;53400
Enedis;2019;Electricité;1008.79412990622;33;0;0.92;1789.73597983006;4;0;0.951;475.661758352488;37;0;0.843;3874.24333425281;537;0;0.87;0.678730766;24.4;59.747429482425;7;0;0.956;53175;Parné-sur-Roc;200083392;CA Laval Agglomération;53;Mayenne;52;Pays de la Loire;100;7208.182631824003;53260
Enedis;2019;Electricité;397.149916603427;21;0;0.787;0.0;0;1;0.0;397.614188173575;18;0;0.644;865.579635555726;131;0;0.741;0.0;0.0;0.0;0;1;0.0;53177;La Pellerine;245300355;CC de l'Ernée;53;Mayenne;52;Pays de la Loire;100;1660.343740332728;53220
Enedis;2019;Electricité;469.190387594646;24;0;0.876;0.0;0;0;0.0;63.0019603664465;12;0;0.843;891.761562908619;152;0;0.781;0.0;0.0;0.0;0;1;0.0;53179;Placé;200055887;CC Mayenne Communauté;53;Mayenne;52;Pays de la Loire;100;1423.9539108697115;53240
Enedis;2019;Electricité;1145.05254992786;42;0;0.62;43.7303854212492;1;1;0.925;227.041472626492;24;0;0.513;1664.3867758934;241;0;0.52;0.0;0.0;0.0;0;1;0.0;53180;Pommerieux;200048551;CC du Pays de Craon;53;Mayenne;52;Pays de la Loire;100;3080.2111838690007;53400
Enedis;2019;Electricité;116.252188152105;7;0;0.59;75.4237774085973;1;1;0.908;5943.15010165318;66;0;0.644;2190.66655396481;366;0;0.592;0.0;0.0;0.0;0;1;0.0;53181;Pontmain;245300389;CC du Bocage Mayennais;53;Mayenne;52;Pays de la Loire;100;8325.492621178691;53220
Enedis;2019;Electricité;535.130113266609;12;0;0.916;47.9172186841521;1;0;0.979;57.0560972928001;7;0;0.87;424.644111140486;52;0;0.771;0.0;0.0;0.0;0;1;0.0;53184;Préaux;245300223;CC du Pays de Meslay-Grez;53;Mayenne;52;Pays de la Loire;100;1064.7475403840472;53340
Enedis;2019;Electricité;864.627587054546;38;0;0.498;2746.10025412833;14;0;0.728;3541.41055178883;145;0;0.519;7084.35008450835;1291;0;0.437;1.851892702;43.0;338.444545265316;37;0;0.492;53185;Pré-en-Pail-Saint-Samson;200042182;CC du Mont des Avaloirs;53;Mayenne;52;Pays de la Loire;100;14574.933022745372;53140/53140
Enedis;2019;Electricité;677.936096101947;43;0;0.678;211.218118037451;1;1;0.922;504.78917852901;18;0;0.667;956.610666829406;183;0;0.578;0.0;0.0;72.5562186749584;3;0;0.798;53202;Saint-Berthevin-la-Tannière;245300389;CC du Bocage Mayennais;53;Mayenne;52;Pays de la Loire;100;2423.1102781727723;53220
Enedis;2019;Electricité;193.962258893;5;0;0.871;0.0;0;0;0.0;143.954556887374;15;0;0.672;648.542772380361;95;0;0.796;0.0;0.0;0.0;0;0;0.0;53206;Saint-Charles-la-Forêt;245300223;CC du Pays de Meslay-Grez;53;Mayenne;52;Pays de la Loire;100;986.459588160735;53170
Enedis;2019;Electricité;869.701743337031;36;0;0.804;286.094417884471;15;0;0.604;1044.1160688943;67;0;0.758;4493.631969427;681;0;0.78;0.871517447;27.0;121.20381321647;11;0;0.792;53210;Saint-Denis-d'Anjou;245300447;CC du Pays de Château-Gontier;53;Mayenne;52;Pays de la Loire;100;6814.748012759272;53290
Enedis;2019;Electricité;2065.85663967888;89;0;0.778;545.441963529005;11;0;0.88;1033.58106881464;64;0;0.823;4049.79700762349;697;0;0.712;0.633622074;25.7;112.119923829305;15;0;0.824;53211;Saint-Denis-de-Gastines;245300355;CC de l'Ernée;53;Mayenne;52;Pays de la Loire;100;7806.796603475321;53500
Enedis;2019;Electricité;498.834308356937;22;0;0.5;0.0;0;1;0.0;49.7470874514551;11;0;0.487;1455.31326907276;233;0;0.332;0.0;0.0;0.0;0;1;0.0;53223;Saint-Germain-de-Coulamer;200042182;CC du Mont des Avaloirs;53;Mayenne;52;Pays de la Loire;100;2003.894664881152;53700
Enedis;2019;Electricité;956.618877472585;47;0;0.535;0.0;0;0;0.0;184.892949477566;23;0;0.582;2103.94434901685;307;0;0.482;0.0;0.0;113.607520464378;7;0;0.586;53226;Saint-Hilaire-du-Maine;245300355;CC de l'Ernée;53;Mayenne;52;Pays de la Loire;100;3359.0636964313794;53380
Enedis;2019;Electricité;587.858886802475;32;0;0.532;0.0;0;1;0.0;165.64949655922;33;0;0.412;1672.7331353619;292;0;0.442;0.0;0.0;62.4616211051742;7;0;0.573;53228;Blandouet-Saint Jean;200033298;CC des Coëvrons;53;Mayenne;52;Pays de la Loire;100;2488.703139828769;53270/53270
Enedis;2019;Electricité;439.600009189924;18;0;0.826;46.378;1;0;1.0;0.0;0;1;0.0;865.006369061788;143;0;0.674;0.0;0.0;0.0;0;1;0.0;53230;Saint-Julien-du-Terroux;200055887;CC Mayenne Communauté;53;Mayenne;52;Pays de la Loire;100;1350.9843782517119;53110
Enedis;2019;Electricité;179.169770168358;12;0;0.495;0.0;0;1;0.0;0.0;0;1;0.0;855.083542717142;127;0;0.496;0.0;0.0;0.0;0;1;0.0;53232;Saint-Léger;200033298;CC des Coëvrons;53;Mayenne;52;Pays de la Loire;100;1034.2533128855;53480
Enedis;2019;Electricité;0.0;0;1;0.0;0.0;0;1;0.0;153.247849524755;18;0;0.82;1210.16328872051;155;0;0.805;0.0;0.0;0.0;0;0;0.0;53233;Saint-Loup-du-Dorat;245300223;CC du Pays de Meslay-Grez;53;Mayenne;52;Pays de la Loire;100;1363.4111382452652;53290
Enedis;2019;Electricité;423.108502893682;16;0;0.915;0.0;0;1;0.0;89.0034443015702;1;1;0.972;950.064587371656;153;0;0.756;0.0;0.0;0.0;0;1;0.0;53234;Saint-Loup-du-Gast;245300389;CC du Bocage Mayennais;53;Mayenne;52;Pays de la Loire;100;1462.1765345669082;53300
Enedis;2019;Electricité;212.035956621777;13;0;0.476;0.0;0;1;0.0;90.7880302429202;13;0;0.475;1299.53508680548;205;0;0.493;0.0;0.0;184.431273704916;6;0;0.317;53240;Saint-Martin-du-Limet;200048551;CC du Pays de Craon;53;Mayenne;52;Pays de la Loire;100;1786.7903473750932;53800
Enedis;2019;Electricité;738.162323019379;25;0;0.764;0.0;0;0;0.0;250.243841048635;25;0;0.767;1380.95946923894;183;0;0.712;0.0;0.0;0.0;0;0;0.0;53251;Saint-Quentin-les-Anges;200048551;CC du Pays de Craon;53;Mayenne;52;Pays de la Loire;100;2369.365633306954;53400
Enedis;2019;Electricité;946.435808093749;25;0;0.453;0.0;0;1;0.0;456.777743349007;20;0;0.652;869.511354415466;141;0;0.415;0.0;0.0;0.0;0;1;0.0;53257;Saulges;200033298;CC des Coëvrons;53;Mayenne;52;Pays de la Loire;100;2272.724905858222;53340
Enedis;2019;Electricité;1183.55734967684;41;0;0.572;648.671712284419;6;0;0.624;1223.17922126954;55;0;0.544;2268.44932904109;344;0;0.487;0.0;0.0;256.098263871627;9;0;0.303;53258;La Selle-Craonnaise;200048551;CC du Pays de Craon;53;Mayenne;52;Pays de la Loire;100;5579.955876143516;53800
Enedis;2019;Electricité;904.701409192735;20;0;0.554;0.0;0;1;0.0;187.802228237193;29;0;0.441;1332.81660044604;160;0;0.438;0.0;0.0;0.0;0;1;0.0;53259;Senonnes;200048551;CC du Pays de Craon;53;Mayenne;52;Pays de la Loire;100;2425.320237875968;53390
Enedis;2019;Electricité;391.919645525826;22;0;0.828;111.695157214316;8;0;0.638;738.860979881079;46;0;0.779;3367.59856211284;450;0;0.756;0.0;0.0;111.017013614825;6;0;0.752;53262;Soulgé-sur-Ouette;200083392;CA Laval Agglomération;53;Mayenne;52;Pays de la Loire;100;4721.091358348886;53210/53210
Enedis;2019;Electricité;610.060699296872;31;0;0.781;33.0149600918968;1;1;0.939;175.499008831881;25;0;0.828;1625.72945793873;275;0;0.671;0.0;0.0;82.0383104829585;4;0;0.0187;53269;Vautorte;245300355;CC de l'Ernée;53;Mayenne;52;Pays de la Loire;100;2526.3424366423383;53500
Enedis;2019;Electricité;830.041064866223;31;0;0.492;12907.3424711084;27;0;0.518;10147.1719576893;165;0;0.45;7325.2531374926;1494;0;0.376;1.800935323;40.4;622.350881367979;50;0;0.491;53271;Villaines-la-Juhel;200042182;CC du Mont des Avaloirs;53;Mayenne;52;Pays de la Loire;100;31832.159512524504;53700
Enedis;2019;Electricité;296.451652267002;11;0;0.449;11245.0235544779;12;0;0.655;681.906292713359;34;0;0.476;2604.35127253226;433;0;0.409;0.0;0.0;175.459531519783;10;0;0.183;53276;Voutré;200033298;CC des Coëvrons;53;Mayenne;52;Pays de la Loire;100;15003.192303510303;53600
Enedis;2019;Electricité;109.739056282259;6;0;0.895;0.0;0;1;0.0;383.928738440006;16;0;0.879;3088.13672715844;365;0;0.811;0.0;0.0;59.1394486445162;6;0;0.869;53021;La Bazoge-Montpinçon;200055887;CC Mayenne Communauté;53;Mayenne;52;Pays de la Loire;100;3640.943970525221;53440
Enedis;2019;Electricité;820.151121024544;35;0;0.844;2083.84637047412;13;0;0.819;596.361070965954;42;0;0.819;3235.95446348728;446;0;0.795;0.0;0.0;0.0;0;1;0.0;53025;Bazougers;245300223;CC du Pays de Meslay-Grez;53;Mayenne;52;Pays de la Loire;100;6736.3130259518975;53170
Enedis;2019;Electricité;86.6775546867609;8;0;0.47;0.0;0;0;0.0;0.0;0;1;0.0;527.153055679112;84;0;0.506;0.0;0.0;0.0;0;1;0.0;53038;Boulay-les-Ifs;200042182;CC du Mont des Avaloirs;53;Mayenne;52;Pays de la Loire;100;613.8306103658729;53370
Enedis;2019;Electricité;1322.8997698821;48;0;0.706;76.1199490864806;1;1;0.92;270.466078483507;27;0;0.668;2419.68963481296;410;0;0.652;0.0;0.0;0.0;0;1;0.0;53042;Brecé;245300389;CC du Bocage Mayennais;53;Mayenne;52;Pays de la Loire;100;4089.175432265047;53120
Enedis;2019;Electricité;334.734792580781;16;0;0.662;10.826;1;0;1.0;75.9617583211113;12;0;0.774;834.320435288932;119;0;0.792;0.0;0.0;157.716957093562;5;0;0.538;53046;Le Buret;245300223;CC du Pays de Meslay-Grez;53;Mayenne;52;Pays de la Loire;100;1413.5599432843865;53170
Enedis;2019;Electricité;210.059055400858;11;0;0.902;66.5782275363776;2;0;0.514;81.3822207828725;17;0;0.547;2040.63127906259;304;0;0.723;0.0;0.0;0.0;0;1;0.0;53051;Champéon;200055887;CC Mayenne Communauté;53;Mayenne;52;Pays de la Loire;100;2398.650782782698;53640
Enedis;2019;Electricité;328.650949762826;17;0;0.389;0.0;0;1;0.0;543.017736623146;30;0;0.455;2602.88229090151;336;0;0.412;0.0;0.0;0.0;0;1;0.0;53056;La Chapelle-Anthenaise;200083392;CA Laval Agglomération;53;Mayenne;52;Pays de la Loire;100;3474.550977287482;53950
Enedis;2019;Electricité;2440.15866779249;57;3;0.808;60192.19145616;141;2;0.794;37961.1777330783;1075;1;0.817;40271.9809818202;8498;0;0.821;6.521841439;22.5;1785.20852604764;183;1;0.772;53062;Château-Gontier-sur-Mayenne;245300447;CC du Pays de Château-Gontier;53;Mayenne;52;Pays de la Loire;100;142650.71736489865;53200/53200/53200/53200
Enedis;2019;Electricité;773.295177632128;43;0;0.554;10655.5581243762;31;0;0.66;2810.03550618233;137;0;0.542;9215.40475709846;1401;0;0.513;2.620157271;38.6;1007.40431181585;52;0;0.572;53077;Cossé-le-Vivien;200048551;CC du Pays de Craon;53;Mayenne;52;Pays de la Loire;100;24461.69787710497;53230
Enedis;2019;Electricité;414.890453875116;22;0;0.515;0.0;0;1;0.0;117.697257015196;14;0;0.445;1872.54718439547;243;0;0.457;0.0;0.0;0.0;0;1;0.0;53082;Courbeveille;200048551;CC du Pays de Craon;53;Mayenne;52;Pays de la Loire;100;2405.134895285782;53230
Enedis;2019;Electricité;945.551754208871;38;0;0.599;52289.464717749;46;0;0.675;9355.42137081162;256;0;0.503;11158.5129033437;2328;1;0.401;3.012752324;36.7;615.93547374873;50;1;0.544;53084;Craon;200048551;CC du Pays de Craon;53;Mayenne;52;Pays de la Loire;100;74364.88621986192;53400
Enedis;2019;Electricité;1132.15634189091;32;0;0.489;0.0;0;1;0.0;109.006206764121;11;0;0.46;1340.00660196864;172;0;0.427;0.0;0.0;135.268008350605;9;0;0.502;53098;Fontaine-Couverte;200048551;CC du Pays de Craon;53;Mayenne;52;Pays de la Loire;100;2716.437158974276;53350
Enedis;2019;Electricité;7167.15963107834;23;0;0.475;3436.09607921097;6;1;0.971;2545.39544213491;65;0;0.389;5826.21316828238;865;0;0.361;1.890819672;45.2;183.311040975193;17;0;0.396;53103;Le Genest-Saint-Isle;200083392;CA Laval Agglomération;53;Mayenne;52;Pays de la Loire;100;19158.17536168179;53940/53940
Enedis;2019;Electricité;400.208488890494;18;0;0.764;3836.86749267446;32;0;0.696;7300.24252193958;203;0;0.669;8956.98326484026;1435;0;0.588;1.670473282;30.7;458.159415319604;32;0;0.681;53107;Gorron;245300389;CC du Bocage Mayennais;53;Mayenne;52;Pays de la Loire;100;20952.461183664404;53120
Enedis;2019;Electricité;995.083414127311;31;0;0.492;51.5741666666667;1;1;1.0;277.660837933421;20;0;0.299;1723.56439701365;300;0;0.371;0.0;0.0;63.6112360891838;7;0;0.447;53113;Hambers;200033298;CC des Coëvrons;53;Mayenne;52;Pays de la Loire;100;3111.494051830233;53160
Enedis;2019;Electricité;279.645796780912;12;0;0.81;0.0;0;0;0.0;60.9304188096776;13;0;0.907;767.374602237133;141;0;0.733;0.0;0.0;0.0;0;1;0.0;53118;Le Housseau-Brétignolles;200055887;CC Mayenne Communauté;53;Mayenne;52;Pays de la Loire;100;1107.9508178277226;53110/53110
Enedis;2019;Electricité;307.130251124148;12;0;0.889;247.235820466698;13;0;0.846;1936.83487126986;119;0;0.827;10512.7530642627;1980;0;0.796;1.670765158;22.1;234.204588108609;24;0;0.85;53119;L'Huisserie;200083392;CA Laval Agglomération;53;Mayenne;52;Pays de la Loire;100;13238.158595232017;53970
Enedis;2019;Electricité;725.489671589211;26;0;0.413;0.0;0;0;0.0;151.724265769972;20;0;0.448;1350.80843481368;261;0;0.375;0.0;0.0;66.9517943905968;5;0;0.415;53120;Izé;200033298;CC des Coëvrons;53;Mayenne;52;Pays de la Loire;100;2294.9741665634597;53160
Enedis;2019;Electricité;2335.06594541888;67;0;0.779;78.8332179115432;1;1;0.914;487.220424286633;46;0;0.77;3769.29041438119;508;0;0.764;0.693908645;25.0;226.339840272184;14;0;0.801;53124;Prée-d'Anjou;245300447;CC du Pays de Château-Gontier;53;Mayenne;52;Pays de la Loire;100;6896.74984227043;53200/53200
Enedis;2019;Electricité;243.063655875125;11;0;0.455;0.0;0;0;0.0;71.3153006616934;14;0;0.358;856.799817158558;136;0;0.428;0.0;0.0;238.593555380375;9;0;0.424;53128;Laubrières;200048551;CC du Pays de Craon;53;Mayenne;52;Pays de la Loire;100;1409.7723290757513;53540
Enedis;2019;Electricité;366.758629738529;8;8;0.828;89033.6999883222;245;7;0.789;127588.994877693;3650;0;0.732;93732.1120680818;28387;1;0.713;13.291443796;19.7;16357.7466340888;545;1;0.684;53130;Laval;200083392;CA Laval Agglomération;53;Mayenne;52;Pays de la Loire;100;327079.31219792436;53000
Enedis;2019;Electricité;155.058219365886;10;0;0.5;0.0;0;0;0.0;0.0;0;1;0.0;475.029220720824;67;0;0.508;0.0;0.0;0.0;0;1;0.0;53134;Livet;200033298;CC des Coëvrons;53;Mayenne;52;Pays de la Loire;100;630.08744008671;53150
Enedis;2019;Electricité;310.222544167472;18;0;0.529;61482.5955665928;27;0;0.771;4960.92863699975;153;0;0.547;9935.76332899958;1881;0;0.531;2.182810682;30.6;300.793843716291;25;0;0.527;53140;Louverné;200083392;CA Laval Agglomération;53;Mayenne;52;Pays de la Loire;100;76990.30392047588;53950
Enedis;2019;Electricité;1059.84427361464;45;0;0.697;6384.99901400063;9;1;0.985;1748.29293803924;69;0;0.769;5240.52621214017;758;0;0.796;0.99820431;26.5;147.656179250302;14;0;0.618;53146;Martigné-sur-Mayenne;200055887;CC Mayenne Communauté;53;Mayenne;52;Pays de la Loire;100;14581.318617044983;53470
Enedis;2019;Electricité;856.846594006176;35;0;0.46;59.7046669941161;6;0;0.441;278.173045627871;29;0;0.565;3022.38710744154;417;0;0.465;0.0;0.0;143.62706428526;13;0;0.405;53158;Montjean;200083392;CA Laval Agglomération;53;Mayenne;52;Pays de la Loire;100;4360.738478354962;53320
Enedis;2019;Electricité;166.173618651053;8;0;0.511;0.0;0;1;0.0;89.4348531301928;8;0;0.357;1066.98968685408;167;0;0.368;0.0;0.0;0.0;0;1;0.0;53169;Olivet;200083392;CA Laval Agglomération;53;Mayenne;52;Pays de la Loire;100;1322.5981586353257;53410
Enedis;2019;Electricité;956.497444476992;32;0;0.744;0.0;0;1;0.0;355.575738564738;16;0;0.732;1444.33335955258;261;0;0.686;0.0;0.0;0.0;0;1;0.0;53176;Le Pas;245300389;CC du Bocage Mayennais;53;Mayenne;52;Pays de la Loire;100;2756.40654259431;53300
Enedis;2019;Electricité;681.013354544362;17;0;0.553;3571.74560718606;19;0;0.653;2926.94611121365;124;0;0.477;6922.41933956847;1321;0;0.468;1.538003039;30.2;187.770752612246;17;0;0.413;53188;Renazé;200048551;CC du Pays de Craon;53;Mayenne;52;Pays de la Loire;100;14289.895165124788;53800
Enedis;2019;Electricité;346.161345495633;12;0;0.502;0.0;0;1;0.0;44.4392446291858;10;0;0.388;741.736566016452;117;0;0.446;0.0;0.0;0.0;0;1;0.0;53191;La Roë;200048551;CC du Pays de Craon;53;Mayenne;52;Pays de la Loire;100;1132.3371561412707;53350
Enedis;2019;Electricité;373.658524998673;21;0;0.839;0.0;0;0;0.0;231.037128875247;21;0;0.763;1791.0423148859;247;0;0.76;0.0;0.0;54.7185464667403;2;0;0.537;53193;Ruillé-Froid-Fonds;245300223;CC du Pays de Meslay-Grez;53;Mayenne;52;Pays de la Loire;100;2450.4565152265604;53170
Enedis;2019;Electricité;489.014286520283;22;0;0.289;381.256155839929;3;1;0.906;721.897027623001;40;0;0.438;2654.52805073604;409;0;0.396;0.0;0.0;234.74312438854;17;0;0.496;53197;Saint-Aignan-sur-Roë;200048551;CC du Pays de Craon;53;Mayenne;52;Pays de la Loire;100;4481.4386451077935;53390
Enedis;2019;Electricité;422.705927259708;26;0;0.85;0.0;0;1;0.0;0.0;0;1;0.0;562.994754263324;114;0;0.703;0.0;0.0;0.0;0;0;0.0;53199;Saint-Aubin-Fosse-Louvain;245300389;CC du Bocage Mayennais;53;Mayenne;52;Pays de la Loire;100;985.700681523032;53120
Enedis;2019;Electricité;90.7632271473087;9;0;0.765;0.0;0;1;0.0;146.08556061401;20;0;0.856;1683.62796828474;263;0;0.794;0.0;0.0;0.0;0;1;0.0;53203;Saint-Brice;245300223;CC du Pays de Meslay-Grez;53;Mayenne;52;Pays de la Loire;100;1920.4767560460587;53290
Enedis;2019;Electricité;461.346192061995;18;0;0.522;8.017;1;1;1.0;137.047010021286;18;0;0.31;1398.94597893727;253;0;0.484;0.0;0.0;0.0;0;1;0.0;53208;Saint-Cyr-en-Pail;200042182;CC du Mont des Avaloirs;53;Mayenne;52;Pays de la Loire;100;2005.356181020551;53140
Enedis;2019;Electricité;952.04969327119;23;0;0.515;101.787438719924;3;1;0.869;376.848271792122;16;0;0.498;1408.28953634713;221;0;0.436;0.0;0.0;232.639488697839;9;0;0.432;53209;Saint-Cyr-le-Gravelais;200083392;CA Laval Agglomération;53;Mayenne;52;Pays de la Loire;100;3071.6144288282053;53320
Enedis;2019;Electricité;248.363896190704;18;0;0.743;0.0;0;1;0.0;197.069529752582;22;0;0.889;1150.50101957351;178;0;0.778;0.0;0.0;77.9351991410651;6;0;0.492;53212;Saint-Denis-du-Maine;245300223;CC du Pays de Meslay-Grez;53;Mayenne;52;Pays de la Loire;100;1673.869644657861;53170
Enedis;2019;Electricité;615.752307791495;33;0;0.724;0.0;0;1;0.0;34.6005028320671;14;0;0.646;1273.47845537253;227;0;0.65;0.0;0.0;0.0;0;1;0.0;53213;Saint-Ellier-du-Maine;245300389;CC du Bocage Mayennais;53;Mayenne;52;Pays de la Loire;100;1923.8312659960923;53220
Enedis;2019;Electricité;418.775104313257;13;0;0.902;2889.64742189888;4;1;0.999;5348.6957661147;43;0;0.854;2866.81925618905;418;0;0.8;0.0;0.0;0.0;0;1;0.0;53216;Saint-Fraimbault-de-Prières;200055887;CC Mayenne Communauté;53;Mayenne;52;Pays de la Loire;100;11523.937548515887;53300
Enedis;2019;Electricité;244.217715307587;29;0;0.441;74.3838677196128;4;0;0.479;572.432465045145;25;0;0.387;2273.54803092599;396;0;0.371;0.0;0.0;159.190107408761;8;0;0.423;53218;Sainte-Gemmes-le-Robert;200033298;CC des Coëvrons;53;Mayenne;52;Pays de la Loire;100;3323.772186407096;53600
Enedis;2019;Electricité;248.700550415099;24;0;0.448;0.0;0;1;0.0;510.914087396921;13;0;0.432;1142.71718387682;187;0;0.395;0.0;0.0;0.0;0;1;0.0;53221;Saint-Georges-sur-Erve;200033298;CC des Coëvrons;53;Mayenne;52;Pays de la Loire;100;1902.33182168884;53600
Enedis;2019;Electricité;372.771575466991;17;0;0.444;65.4900120093157;1;1;0.91;223.593845659516;29;0;0.367;3134.19097109309;445;0;0.363;0.0;0.0;0.0;0;1;0.0;53224;Saint-Germain-le-Fouilloux;200083392;CA Laval Agglomération;53;Mayenne;52;Pays de la Loire;100;3796.0464042289127;53240
Enedis;2019;Electricité;218.187316253461;11;0;0.911;0.0;0;0;0.0;0.0;0;1;0.0;852.238406120756;143;0;0.651;0.0;0.0;0.0;0;0;0.0;53235;Sainte-Marie-du-Bois;200055887;CC Mayenne Communauté;53;Mayenne;52;Pays de la Loire;100;1070.425722374217;53110
Enedis;2019;Electricité;229.469375972848;9;0;0.563;0.0;0;0;0.0;33.3612116541301;11;0;0.408;508.858243625485;124;0;0.357;0.0;0.0;0.0;0;1;0.0;53236;Saint-Mars-du-Désert;200042182;CC du Mont des Avaloirs;53;Mayenne;52;Pays de la Loire;100;771.6888312524632;53700
Enedis;2019;Electricité;787.756038975624;37;0;0.63;0.0;0;1;0.0;223.373571923602;24;0;0.556;1757.76189150027;302;0;0.528;0.0;0.0;54.1360719479995;7;0;0.626;53238;Saint-Mars-sur-la-Futaie;245300389;CC du Bocage Mayennais;53;Mayenne;52;Pays de la Loire;100;2823.0275743474954;53220
Enedis;2019;Electricité;1033.91553564812;27;0;0.522;0.0;0;1;0.0;0.0;0;1;0.0;691.409222383256;101;0;0.413;0.0;0.0;88.5719852605508;6;0;0.251;53242;Saint-Michel-de-la-Roë;200048551;CC du Pays de Craon;53;Mayenne;52;Pays de la Loire;100;1813.8967432919267;53350
Enedis;2019;Electricité;597.863980151785;24;0;0.505;210.016175542037;6;0;0.492;953.328913487682;55;0;0.434;5107.26495408702;733;0;0.353;1.45093195;39.6;167.231793003452;11;0;0.427;53243;Saint-Ouën-des-Toits;200083392;CA Laval Agglomération;53;Mayenne;52;Pays de la Loire;100;7035.705816271976;53410
Enedis;2019;Electricité;1145.23291031572;58;0;0.431;65.6480657411638;2;2;0.93;631.287666809608;44;0;0.436;3903.74799253723;688;0;0.375;0.0;0.0;72.5461021366467;7;2;0.447;53249;Vimartin-sur-Orthe;200033298;CC des Coëvrons;53;Mayenne;52;Pays de la Loire;100;5818.462737540368;53160/53160/53160
Enedis;2019;Electricité;347.059030439247;11;0;0.503;0.0;0;0;0.0;68.8324069602543;14;0;0.254;1257.46393138363;185;0;0.399;0.0;0.0;200.020814011732;9;0;0.421;53250;Saint-Poix;200048551;CC du Pays de Craon;53;Mayenne;52;Pays de la Loire;100;1873.3761827948633;53540
Enedis;2019;Electricité;710.467178091954;15;0;0.358;9172.1535;1;0;1.0;295.838304191675;20;0;0.461;1329.9414657956;190;0;0.451;0.0;0.0;78.1161070780488;3;0;0.498;53253;Saint-Saturnin-du-Limet;200048551;CC du Pays de Craon;53;Mayenne;52;Pays de la Loire;100;11586.516555157279;53800
Enedis;2019;Electricité;365.122825718252;25;0;0.477;2.58073646689731;2;1;0.941;1483.69465959203;72;0;0.415;4324.95926234;714;0;0.432;1.039009331;33.4;196.877158608105;24;0;0.446;53255;Sainte-Suzanne-et-Chammes;200033298;CC des Coëvrons;53;Mayenne;52;Pays de la Loire;100;6373.234642725284;53270/53270
Enedis;2019;Electricité;661.688438711214;23;0;0.541;0.0;0;1;0.0;0.0;0;1;0.0;618.273365982278;120;0;0.384;0.0;0.0;0.0;0;1;0.0;53256;Saint-Thomas-de-Courceriers;200033298;CC des Coëvrons;53;Mayenne;52;Pays de la Loire;100;1279.961804693492;53160
Enedis;2019;Electricité;450.489263344097;15;0;0.901;0.0;0;1;0.0;0.0;0;1;0.0;905.609894348773;173;0;0.75;0.0;0.0;0.0;0;0;0.0;53263;Thubœuf;200055887;CC Mayenne Communauté;53;Mayenne;52;Pays de la Loire;100;1356.09915769287;53110
Enedis;2019;Electricité;458.130574670596;25;0;0.413;2769.67338070389;10;0;0.739;313.877270173667;21;0;0.468;2422.72676574512;382;0;0.395;0.0;0.0;137.005252774769;8;0;0.473;53265;Torcé-Viviers-en-Charnie;200033298;CC des Coëvrons;53;Mayenne;52;Pays de la Loire;100;6101.413244068042;53270/53270
Enedis;2019;Electricité;535.911150002985;23;0;0.817;980.002213079711;6;1;0.946;665.52370714497;48;0;0.81;3583.92350101118;453;0;0.775;0.0;0.0;68.6348019315022;9;0;0.582;53273;Villiers-Charlemagne;245300223;CC du Pays de Meslay-Grez;53;Mayenne;52;Pays de la Loire;100;5833.995373170348;53170
Enedis;2019;Electricité;1201.32292173529;46;0;0.788;252.774784047292;11;0;0.748;989.58358041312;48;0;0.692;4860.88433028335;814;0;0.809;0.811177953;23.2;137.569159878282;10;0;0.598;53008;Aron;200055887;CC Mayenne Communauté;53;Mayenne;52;Pays de la Loire;100;7442.134776357335;53440
Enedis;2019;Electricité;317.29731313588;14;0;0.478;4259.641;2;1;1.0;210.530490812832;31;0;0.445;1775.48033023741;299;0;0.37;0.0;0.0;0.0;0;1;0.0;53013;Averton;200042182;CC du Mont des Avaloirs;53;Mayenne;52;Pays de la Loire;100;6562.949134186122;53700
Enedis;2019;Electricité;663.504014434659;25;0;0.778;33.7379277577307;1;1;0.982;223.631573081462;16;0;0.894;1407.87042062604;223;0;0.745;0.0;0.0;0.0;0;1;0.0;53022;La Bazouge-de-Chemeré;245300223;CC du Pays de Meslay-Grez;53;Mayenne;52;Pays de la Loire;100;2328.7439358998918;53170
Enedis;2019;Electricité;863.258737346497;23;0;0.86;0.0;0;1;0.0;76.7494714290591;15;0;0.636;1300.92591124398;185;0;0.722;0.0;0.0;64.7494732272603;2;0;0.733;53031;La Bigottière;245300355;CC de l'Ernée;53;Mayenne;52;Pays de la Loire;100;2305.683593246796;53240
Enedis;2019;Electricité;385.990233256971;12;0;0.468;0.0;0;0;0.0;0.0;0;1;0.0;1017.87564109888;149;0;0.385;0.0;0.0;147.177789551304;4;0;0.48;53041;Brains-sur-les-Marches;200048551;CC du Pays de Craon;53;Mayenne;52;Pays de la Loire;100;1551.043663907155;53350
Enedis;2019;Electricité;181.157369899714;12;0;0.637;0.0;0;1;0.0;90.0853393536265;12;0;0.37;2049.06062543795;253;0;0.406;0.0;0.0;0.0;0;1;0.0;53049;Châlons-du-Maine;200083392;CA Laval Agglomération;53;Mayenne;52;Pays de la Loire;100;2320.3033346912907;53470
Enedis;2019;Electricité;0.0;0;1;0.0;0.0;0;0;0.0;116.350934545037;10;0;0.351;1013.17087377237;166;0;0.5;0.0;0.0;0.0;0;1;0.0;53052;Champfrémont;200042182;CC du Mont des Avaloirs;53;Mayenne;52;Pays de la Loire;100;1129.521808317407;53370
Enedis;2019;Electricité;797.715457160757;33;0;0.899;428.221646314321;2;1;0.962;398.804231672104;22;0;0.832;1704.59380225322;319;0;0.792;0.0;0.0;0.0;0;0;0.0;53055;Chantrigné;245300389;CC du Bocage Mayennais;53;Mayenne;52;Pays de la Loire;100;3329.335137400402;53300
Enedis;2019;Electricité;622.419135688885;18;0;0.623;0.0;0;1;0.0;64.4715299011692;10;0;0.429;950.062923472145;132;0;0.513;0.0;0.0;0.0;0;1;0.0;53058;La Chapelle-Craonnaise;200048551;CC du Pays de Craon;53;Mayenne;52;Pays de la Loire;100;1636.9535890621992;53230
Enedis;2019;Electricité;465.587039122761;18;0;0.883;0.0;0;0;0.0;116.028391863484;17;0;0.655;1037.00329675268;147;0;0.775;0.0;0.0;0.0;0;1;0.0;53076;Cossé-en-Champagne;245300223;CC du Pays de Meslay-Grez;53;Mayenne;52;Pays de la Loire;100;1618.618727738925;53340
Enedis;2019;Electricité;682.217814499265;25;0;0.689;0.0;0;1;0.0;88.0415261769659;13;0;0.665;1258.48366665295;257;0;0.535;0.0;0.0;124.831965835193;5;0;0.597;53079;Couesmes-Vaucé;245300389;CC du Bocage Mayennais;53;Mayenne;52;Pays de la Loire;100;2153.574973164374;53300/53300
Enedis;2019;Electricité;1260.01132682805;55;0;0.485;131.422461522934;2;1;0.966;267.624007523108;29;0;0.367;2430.73787475928;427;0;0.385;0.0;0.0;108.672766809608;9;0;0.429;53083;Courcité;200042182;CC du Mont des Avaloirs;53;Mayenne;52;Pays de la Loire;100;4198.46843744298;53700
Enedis;2019;Electricité;154.322531867566;9;0;0.692;0.0;0;1;0.0;0.0;0;1;0.0;441.392340814802;63;0;0.636;0.0;0.0;139.589534804553;6;0;0.692;53090;Denazé;200048551;CC du Pays de Craon;53;Mayenne;52;Pays de la Loire;100;735.304407486921;53400
Enedis;2019;Electricité;456.426699204105;21;0;0.739;697.3229615479;3;1;0.92;163.091427170931;19;0;0.827;2445.80956916778;324;0;0.788;0.0;0.0;0.0;0;1;0.0;53101;Fromentières;245300447;CC du Pays de Château-Gontier;53;Mayenne;52;Pays de la Loire;100;3762.650657090716;53200
Enedis;2019;Electricité;148.380461571823;7;0;0.546;0.0;0;1;0.0;0.0;0;1;0.0;689.588861988555;102;0;0.41;0.0;0.0;0.0;0;1;0.0;53105;Gesnes;200033298;CC des Coëvrons;53;Mayenne;52;Pays de la Loire;100;837.9693235603779;53150
Enedis;2019;Electricité;323.939917091836;15;0;0.876;149.768427226319;3;1;0.952;142.917795706664;17;0;0.6;1738.51878769944;252;0;0.782;0.0;0.0;0.0;0;1;0.0;53111;La Haie-Traversaine;200055887;CC Mayenne Communauté;53;Mayenne;52;Pays de la Loire;100;2355.144927724259;53300
Enedis;2019;Electricité;1111.58930283877;36;0;0.819;131.558736569341;7;0;0.851;697.47422822441;34;0;0.68;2189.37576334731;318;0;0.758;0.0;0.0;0.0;0;1;0.0;53116;Le Horps;200055887;CC Mayenne Communauté;53;Mayenne;52;Pays de la Loire;100;4129.998030979831;53640
Enedis;2019;Electricité;447.812085561581;23;0;0.754;0.0;0;1;0.0;478.803152971007;40;0;0.797;2279.16366164409;369;0;0.738;0.0;0.0;75.3910825895832;7;0;0.594;53122;Jublains;200055887;CC Mayenne Communauté;53;Mayenne;52;Pays de la Loire;100;3281.1699827662615;53160
Enedis;2019;Electricité;1671.57458565809;63;0;0.88;4426.97245878507;22;0;0.902;4545.00738427889;157;0;0.801;7188.34424427677;1262;0;0.782;1.164468134;26.6;251.757996139822;18;0;0.863;53127;Lassay-les-Châteaux;200055887;CC Mayenne Communauté;53;Mayenne;52;Pays de la Loire;100;18083.65666913864;53110/53110/53110/53110
Enedis;2019;Electricité;326.506611085299;9;0;0.734;0.0;0;0;0.0;26.53005855001;11;0;0.851;1080.84347716819;147;0;0.708;0.0;0.0;88.9078310784461;3;0;0.73;53129;Launay-Villiers;200083392;CA Laval Agglomération;53;Mayenne;52;Pays de la Loire;100;1522.7879778819452;53410
Enedis;2019;Electricité;564.120402250889;16;0;0.739;0.0;0;0;0.0;0.0;0;1;0.0;579.077789966299;110;0;0.701;0.0;0.0;0.0;0;1;0.0;53131;Lesbois;245300389;CC du Bocage Mayennais;53;Mayenne;52;Pays de la Loire;100;1143.198192217188;53120
Enedis;2019;Electricité;339.319113101981;19;0;0.479;51.0249446011743;1;1;0.89;255.148882786651;21;0;0.543;2681.01174133869;451;0;0.483;0.0;0.0;0.0;0;1;0.0;53133;Lignières-Orgères;200042182;CC du Mont des Avaloirs;53;Mayenne;52;Pays de la Loire;100;3326.5046818284964;53140/53140
Enedis;2019;Electricité;252.466011602628;13;0;0.546;0.0;0;0;0.0;116.521434259761;21;0;0.269;1291.51187138029;213;0;0.389;0.0;0.0;55.6965261425301;2;0;0.519;53139;Loupfougères;200042182;CC du Mont des Avaloirs;53;Mayenne;52;Pays de la Loire;100;1716.195843385209;53700
Enedis;2019;Electricité;314.94687804514;25;0;0.48;0.0;0;1;0.0;0.0;0;1;0.0;971.884757302273;201;0;0.398;0.0;0.0;63.7722986489451;3;0;0.552;53142;Madré;200042182;CC du Mont des Avaloirs;53;Mayenne;52;Pays de la Loire;100;1350.603933996358;53250
Enedis;2019;Electricité;429.464689021823;28;0;0.811;2757.53633333333;2;1;1.0;300.174266139055;24;0;0.804;2217.30565354411;341;0;0.784;0.0;0.0;0.0;0;1;0.0;53144;Marcillé-la-Ville;200055887;CC Mayenne Communauté;53;Mayenne;52;Pays de la Loire;100;5704.480942038317;53440
Enedis;2019;Electricité;561.2430659178;26;0;0.795;0.0;0;1;0.0;134.637929488387;17;0;0.839;1462.96104349991;218;0;0.811;0.0;0.0;98.7823595710464;7;0;0.903;53145;Marigné-Peuton;245300447;CC du Pays de Château-Gontier;53;Mayenne;52;Pays de la Loire;100;2257.624398477143;53200
Enedis;2019;Electricité;1827.36061755254;21;0;0.828;9614.27101691314;29;0;0.86;5019.11814861886;172;0;0.832;8186.78462149695;1430;0;0.829;1.40039386;23.8;351.302833606107;27;0;0.727;53152;Meslay-du-Maine;245300223;CC du Pays de Meslay-Grez;53;Mayenne;52;Pays de la Loire;100;24998.837238187596;53170
Enedis;2019;Electricité;192.004964753779;11;0;0.516;212.228802503677;2;0;0.939;337.56923056867;29;0;0.53;2020.34701391691;320;0;0.404;0.0;0.0;65.1144333431696;8;0;0.442;53163;Neau;200033298;CC des Coëvrons;53;Mayenne;52;Pays de la Loire;100;2827.2644450862053;53150
Enedis;2019;Electricité;218.014833084365;12;0;0.521;0.0;0;0;0.0;0.0;0;1;0.0;547.700225558813;113;0;0.53;0.0;0.0;0.0;0;1;0.0;53173;La Pallu;200042182;CC du Mont des Avaloirs;53;Mayenne;52;Pays de la Loire;100;765.715058643178;53140
Enedis;2019;Electricité;407.687458985283;12;0;0.869;0.0;0;0;0.0;0.0;0;1;0.0;709.237660592399;89;0;0.769;0.0;0.0;0.0;0;1;0.0;53178;Peuton;245300447;CC du Pays de Château-Gontier;53;Mayenne;52;Pays de la Loire;100;1116.925119577682;53360
Enedis;2019;Electricité;422.943654946071;20;0;0.88;21.4389998333333;1;1;1.0;328.646376892879;34;0;0.844;1446.6403180764;228;0;0.773;0.0;0.0;117.225671071585;5;0;0.909;53190;Le Ribay;200055887;CC Mayenne Communauté;53;Mayenne;52;Pays de la Loire;100;2336.895020820268;53640
Enedis;2019;Electricité;705.013310119259;22;0;0.475;0.0;0;1;0.0;61.7310488559415;8;0;0.471;872.002353358605;119;0;0.429;0.0;0.0;50.3766609521483;3;0;0.316;53192;La Rouaudière;200048551;CC du Pays de Craon;53;Mayenne;52;Pays de la Loire;100;1689.123373285954;53390
Enedis;2019;Electricité;211.535364636372;16;0;0.837;0.0;0;0;0.0;96.7010085075154;10;0;0.643;1545.139154641;179;0;0.769;0.0;0.0;3.8055;1;0;1.0;53195;Sacé;200055887;CC Mayenne Communauté;53;Mayenne;52;Pays de la Loire;100;1857.1810277848874;53470
Enedis;2019;Electricité;343.413448491599;16;0;0.468;0.0;0;0;0.0;163.7085;1;1;1.0;760.000225855684;160;0;0.349;0.0;0.0;0.0;0;1;0.0;53198;Saint-Aubin-du-Désert;200042182;CC du Mont des Avaloirs;53;Mayenne;52;Pays de la Loire;100;1267.122174347283;53700